{
  "epochs": 50,
  "imgsz": 640,
  "batch": 16,
  "data": "coco128.yaml",
  "scratch": {
    "mAP50": 0.003935027744128693,
    "mAP50-95": 0.0007893353108005813,
    "precision": 0.007083979774147173,
    "recall": 0.002174904193313864
  },
  "transfer": {
    "mAP50": 0.8426686760792302,
    "mAP50-95": 0.6706312026058308,
    "precision": 0.8519006941173151,
    "recall": 0.766981910685876
  },
  "scratch_detections": [],
  "transfer_detections": [
    {
      "class": "person",
      "conf": 0.906,
      "xyxy": [
        43.9,
        401.9,
        243.2,
        901.4
      ]
    },
    {
      "class": "person",
      "conf": 0.863,
      "xyxy": [
        217.6,
        406.9,
        345.6,
        858.6
      ]
    },
    {
      "class": "person",
      "conf": 0.848,
      "xyxy": [
        670.7,
        329.7,
        809.7,
        876.6
      ]
    },
    {
      "class": "bus",
      "conf": 0.615,
      "xyxy": [
        18.4,
        225.3,
        803.7,
        795.1
      ]
    }
  ]
}
