{
  "epochs": 50,
  "imgsz": 640,
  "batch": 16,
  "data": "coco128.yaml",
  "scratch": {
    "mAP50": 0.003935027744128693,
    "mAP50-95": 0.0007893353108005813,
    "precision": 0.007083979774147173,
    "recall": 0.002174904193313864
  },
  "transfer": {
    "mAP50": 0.8426686760792302,
    "mAP50-95": 0.6706312026058308,
    "precision": 0.8519006941173151,
    "recall": 0.766981910685876
  },
  "test_images": {
    "bus": {
      "scratch_detections": 0,
      "transfer_detections": 4
    },
    "zidane": {
      "scratch_detections": 0,
      "transfer_detections": 5
    }
  }
}
